"year","month","latitude","longitude","terrain","seals","min_ice","max_ice"
1998,1,-70.632,-9.367,"ice shelf",0,0,0
1998,1,-70.627,-9.375,"sea ice",0,10,30
1998,1,-70.598,-9.421,"sea ice",1,60,80
1998,1,-70.595,-9.427,"sea ice",1,60,80
1998,1,-70.593,-9.43,"sea ice",1,60,80
1998,1,-70.572,-9.465,"sea ice",1,60,80
1998,1,-70.424,-9.711,"sea ice",1,40,60
1998,1,-70.37,-9.796,"sea ice",1,50,70
1998,1,-70.348,-9.832,"sea ice",1,50,70
1998,1,-70.345,-9.839,"sea ice",1,50,70
1998,1,-70.32,-9.88,"sea ice",1,50,70
1998,1,-70.043,-10.317,"sea ice",1,50,70
1998,1,-70.015,-10.362,"sea ice",1,50,70
1998,1,-70.003,-10.38,"sea ice",1,50,70
1998,1,-69.992,-10.398,"sea ice",1,50,70
1998,1,-69.992,-10.398,"sea ice",1,50,70
1998,1,-69.941,-10.484,"sea ice",1,50,70
1998,1,-69.938,-10.489,"sea ice",1,50,70
1998,1,-69.868,-10.601,"sea ice",1,50,70
1998,1,-69.841,-10.642,"sea ice",1,50,70
1998,1,-69.827,-10.662,"sea ice",1,50,70
1998,1,-69.788,-10.721,"sea ice",1,50,70
1998,1,-69.708,-10.842,"sea ice",0,0,0
1998,1,-68.243,-12.856,"open water",0,0,0
1998,1,-68.242,-12.856,"open water",0,0,0
1998,1,-68.791,-12.358,"sea ice",0,0,10
1998,1,-69.034,-12.032,"sea ice",1,30,50
1998,1,-69.05,-12.009,"sea ice",1,30,50
1998,1,-69.318,-11.627,"sea ice",1,10,30
1998,1,-69.508,-11.352,"sea ice",1,20,40
1998,1,-69.545,-11.298,"sea ice",1,50,70
1998,1,-69.548,-11.292,"sea ice",1,50,70
1998,1,-69.595,-11.22,"sea ice",1,60,80
1998,1,-69.632,-11.168,"sea ice",3,60,80
1998,1,-69.671,-11.112,"sea ice",1,10,30
1998,1,-70.005,-10.61,"sea ice",0,10,30
1998,1,-70.242,-10.242,"sea ice",1,10,30
1998,1,-70.38,-10.033,"sea ice",1,10,30
1998,1,-70.418,-9.969,"sea ice",1,10,30
1998,1,-70.522,-9.808,"sea ice",2,10,30
1998,1,-70.54,-9.779,"sea ice",1,20,40
1998,1,-70.676,-9.555,"open water",0,0,0
1998,1,-70.727,-9.468,"ice shelf",0,0,0
1998,1,-70.738,-9.695,"ice shelf",0,0,0
1998,1,-70.67,-9.817,"sea ice",0,0,20
1998,1,-70.503,-10.065,"sea ice",1,30,60
1998,1,-70.348,-10.33,"sea ice",1,30,60
1998,1,-70.281,-10.425,"sea ice",1,30,60
1998,1,-70.267,-10.448,"sea ice",1,30,60
1998,1,-70.178,-10.595,"sea ice",1,40,70
1998,1,-70.07,-10.761,"sea ice",1,40,70
1998,1,-69.996,-10.869,"sea ice",0,20,30
1998,1,-70.909,-9.889,"ice shelf",0,0,0
1998,1,-70.583,-10.439,"sea ice",0,10,20
1998,1,-70.523,-10.531,"sea ice",3,10,20
1998,1,-70.358,-10.788,"sea ice",1,10,30
1998,1,-70.097,-11.188,"sea ice",1,10,30
1998,1,-70.063,-11.236,"sea ice",1,20,40
1998,1,-69.97,-11.381,"sea ice",1,40,60
1998,1,-69.91,-11.474,"sea ice",1,40,60
1998,1,-69.894,-11.499,"sea ice",0,10,30
1998,1,-70.537,-8.593,"ice shelf",0,0,0
1998,1,-70.537,-8.595,"sea ice",0,0,10
1998,1,-70.6,-9.849,"sea ice",1,0,10
1998,1,-70.656,-9.737,"sea ice",1,0,10
1998,1,-70.709,-9.637,"ice shelf",0,0,0
1998,1,-70.982,-10.87,"ice shelf",0,0,0
1998,1,-70.96,-10.897,"sea ice",1,10,30
1998,1,-70.922,-10.946,"sea ice",1,10,30
1998,1,-70.096,-12.212,"sea ice",0,0,10
1998,1,-68.878,-13.844,"open water",0,0,0
1998,1,-69.162,-13.714,"sea ice",0,0,10
1998,1,-69.386,-13.419,"sea ice",0,10,20
1998,1,-69.633,-13.094,"sea ice",1,10,20
1998,1,-69.8,-12.864,"sea ice",1,10,30
1998,1,-69.823,-12.833,"sea ice",2,10,30
1998,1,-69.833,-12.818,"sea ice",1,50,70
1998,1,-69.834,-12.817,"sea ice",1,50,70
1998,1,-69.84,-12.809,"sea ice",1,70,80
1998,1,-69.854,-12.787,"sea ice",1,70,80
1998,1,-69.86,-12.779,"sea ice",1,70,80
1998,1,-69.898,-12.729,"sea ice",1,70,80
1998,1,-69.916,-12.706,"sea ice",1,70,80
1998,1,-69.921,-12.7,"sea ice",1,70,80
1998,1,-69.95,-12.66,"sea ice",1,70,80
1998,1,-69.959,-12.648,"sea ice",1,70,80
1998,1,-69.959,-12.647,"sea ice",1,70,80
1998,1,-69.99,-12.604,"sea ice",0,10,20
1998,1,-70.127,-12.414,"sea ice",1,20,30
1998,1,-70.334,-12.117,"sea ice",1,20,30
1998,1,-70.398,-12.027,"sea ice",1,20,30
1998,1,-70.962,-11.172,"sea ice",1,10,20
1998,1,-71.009,-11.101,"ice shelf",0,0,0
1998,1,-71.238,-11.457,"ice shelf",0,0,0
1998,1,-71.193,-11.539,"sea ice",1,40,60
1998,1,-71.187,-11.55,"sea ice",1,40,60
1998,1,-71.178,-11.565,"sea ice",1,40,60
1998,1,-71.136,-11.633,"sea ice",1,40,60
1998,1,-71.136,-11.635,"sea ice",1,40,60
1998,1,-71.126,-11.65,"sea ice",1,40,60
1998,1,-71.121,-11.657,"sea ice",1,40,60
1998,1,-71.117,-11.663,"sea ice",1,40,60
1998,1,-71.112,-11.67,"sea ice",3,60,70
1998,1,-71.11,-11.674,"sea ice",1,60,70
1998,1,-71.105,-11.68,"sea ice",2,60,70
1998,1,-71.1,-11.687,"sea ice",2,60,70
1998,1,-71.099,-11.688,"sea ice",1,60,70
1998,1,-71.063,-11.739,"sea ice",1,60,70
1998,1,-71.061,-11.743,"sea ice",2,60,70
1998,1,-71.054,-11.752,"sea ice",1,60,70
1998,1,-71.037,-11.777,"sea ice",0,10,20
1998,1,-70.771,-12.194,"sea ice",1,10,20
1998,1,-70.735,-12.247,"sea ice",1,20,30
1998,1,-70.733,-12.251,"sea ice",1,20,30
1998,1,-70.723,-12.266,"sea ice",1,20,30
1998,1,-70.71,-12.284,"sea ice",1,30,50
1998,1,-70.646,-12.379,"sea ice",1,30,50
1998,1,-70.595,-12.453,"open water",0,0,0
1998,1,-69.961,-13.352,"sea ice",0,40,60
1998,1,-69.94,-13.38,"sea ice",1,60,80
1998,1,-69.934,-13.388,"sea ice",1,60,80
1998,1,-69.884,-13.452,"sea ice",1,60,80
1998,1,-69.883,-13.454,"sea ice",1,60,80
1998,1,-69.882,-13.455,"sea ice",1,60,80
1998,1,-69.872,-13.467,"sea ice",1,60,80
1998,1,-69.871,-13.469,"sea ice",1,60,80
1998,1,-69.847,-13.499,"sea ice",1,60,80
1998,1,-69.824,-13.528,"sea ice",1,60,80
1998,1,-69.812,-13.543,"sea ice",0,10,20
1998,1,-69.793,-13.567,"open water",0,0,0
1998,1,-69.477,-14.23,"sea ice",0,0,10
1998,1,-69.839,-13.748,"sea ice",0,10,20
1998,1,-69.857,-13.724,"sea ice",0,50,70
1998,1,-69.87,-13.706,"sea ice",1,70,80
1998,1,-69.876,-13.699,"sea ice",1,70,80
1998,1,-69.919,-13.644,"sea ice",1,70,80
1998,1,-69.93,-13.629,"sea ice",1,70,80
1998,1,-69.934,-13.624,"sea ice",1,70,80
1998,1,-69.961,-13.586,"sea ice",1,70,80
1998,1,-69.967,-13.578,"sea ice",1,70,80
1998,1,-70.008,-13.524,"sea ice",1,70,80
1998,1,-70.02,-13.51,"open water",0,0,0
1998,1,-70.657,-12.605,"sea ice",0,0,10
1998,1,-70.839,-12.327,"sea ice",1,30,50
1998,1,-70.868,-12.282,"open water",0,0,0
1998,1,-71.079,-11.972,"sea ice",0,10,30
1998,1,-71.177,-11.819,"sea ice",2,10,30
1998,1,-71.289,-11.632,"ice shelf",0,0,0
1998,1,-71.182,-11.888,"ice shelf",0,0,0
1998,1,-71.144,-12.083,"sea ice",1,20,40
1998,1,-71.143,-12.087,"sea ice",1,20,40
1998,1,-71.114,-12.156,"sea ice",1,60,80
1998,1,-71.082,-12.204,"open water",0,0,0
1998,1,-70.87,-12.514,"sea ice",0,10,30
1998,1,-70.764,-12.679,"sea ice",1,30,50
1998,1,-70.708,-12.765,"sea ice",1,30,50
1998,1,-70.523,-13.033,"open water",0,0,0
1998,1,-70.314,-13.325,"sea ice",0,10,20
1998,1,-70.119,-13.598,"sea ice",0,30,40
1998,1,-70.09,-13.638,"sea ice",1,30,40
1998,1,-70.084,-13.648,"sea ice",1,30,40
1998,1,-70.047,-13.698,"sea ice",1,20,30
1998,1,-69.919,-13.871,"sea ice",1,10,20
1998,1,-69.571,-14.33,"open water",0,0,0
1998,1,-69.678,-14.43,"sea ice",0,0,10
1998,1,-70.057,-13.925,"sea ice",1,10,20
1998,1,-70.112,-13.851,"sea ice",0,40,60
1998,1,-70.122,-13.837,"sea ice",2,40,60
1998,1,-70.166,-13.781,"sea ice",1,40,60
1998,1,-70.207,-13.725,"sea ice",0,0,10
1998,1,-70.382,-13.483,"sea ice",0,0,0
1998,1,-70.524,-13.272,"sea ice",0,30,50
1998,1,-70.588,-13.185,"sea ice",1,30,50
1998,1,-70.689,-13.035,"sea ice",1,30,50
1998,1,-70.858,-12.782,"open water",0,0,0
1998,1,-71.014,-12.566,"sea ice",0,0,10
1998,1,-71.298,-12.116,"ice shelf",0,0,0
1998,1,-71.168,-12.132,"ice shelf",0,0,0
1998,1,-71.167,-12.142,"sea ice",1,40,60
1998,1,-71.155,-12.22,"sea ice",1,20,30
1998,1,-71.132,-12.367,"sea ice",1,60,80
1998,1,-71.125,-12.415,"sea ice",2,30,50
1998,1,-71.118,-12.461,"open water",0,0,0
1998,1,-71.079,-12.703,"sea ice",0,10,30
1998,1,-71.064,-12.724,"sea ice",1,30,50
1998,1,-70.757,-13.179,"sea ice",1,10,20
1998,1,-70.637,-13.346,"sea ice",1,30,50
1998,1,-70.636,-13.349,"sea ice",1,30,50
1998,1,-70.631,-13.357,"sea ice",0,0,10
1998,1,-70.588,-13.416,"open water",0,0,0
1998,1,-70.108,-14.087,"sea ice",0,50,70
1998,1,-70.102,-14.094,"sea ice",1,50,70
1998,1,-70.019,-14.204,"sea ice",0,10,20
1998,1,-69.986,-14.253,"sea ice",1,10,20
1998,1,-69.886,-14.392,"open water",0,0,0
1998,1,-69.929,-14.549,"sea ice",0,0,10
1998,1,-70.058,-14.377,"sea ice",2,10,20
1998,1,-70.068,-14.364,"sea ice",0,30,40
1998,1,-70.086,-14.339,"sea ice",1,30,50
1998,1,-70.122,-14.291,"sea ice",4,50,70
1998,1,-70.158,-14.245,"sea ice",0,0,10
1998,1,-70.324,-14.025,"open water",0,0,0
1998,1,-70.535,-13.725,"sea ice",0,10,20
1998,1,-70.598,-13.641,"sea ice",1,40,60
1998,1,-70.747,-13.422,"sea ice",1,10,30
1998,1,-70.84,-13.292,"sea ice",1,10,20
1998,1,-70.967,-13.112,"sea ice",1,30,50
1998,1,-71.065,-12.97,"sea ice",1,10,20
1998,1,-71.236,-12.711,"sea ice",1,0,10
1998,1,-71.271,-12.655,"sea ice",1,0,10
1998,1,-71.398,-12.457,"sea ice",1,10,20
1998,1,-71.409,-12.439,"sea ice",1,20,30
1998,1,-71.421,-12.422,"sea ice",1,20,30
1998,1,-71.465,-12.349,"ice shelf",0,0,0
1998,1,-70.368,-6.004,"ice shelf",0,0,0
1998,1,-70.28,-6.002,"sea ice",1,30,50
1998,1,-70.21,-5.998,"sea ice",1,40,60
1998,1,-70.172,-5.997,"sea ice",2,20,30
1998,1,-70.015,-5.994,"open water",0,0,0
1998,1,-69.901,-5.997,"sea ice",0,20,30
1998,1,-69.897,-5.998,"sea ice",1,20,30
1998,1,-69.853,-6.001,"open water",0,0,0
1998,1,-69.918,-6.543,"sea ice",0,0,10
1998,1,-69.958,-6.528,"sea ice",1,10,20
1998,1,-69.978,-6.522,"sea ice",0,40,60
1998,1,-70.053,-6.505,"sea ice",1,30,40
1998,1,-70.15,-6.494,"sea ice",1,30,40
1998,1,-70.176,-6.489,"sea ice",1,30,40
1998,1,-70.178,-6.489,"sea ice",1,30,40
1998,1,-70.236,-6.478,"sea ice",1,40,60
1998,1,-70.341,-6.444,"sea ice",0,0,0
1998,1,-70.342,-6.444,"sea ice",0,0,0
1998,1,-70.515,-6.385,"ice shelf",0,0,0
1998,1,-70.49,-6.791,"ice shelf",0,0,0
1998,1,-70.391,-6.844,"sea ice",0,50,70
1998,1,-70.37,-6.858,"sea ice",1,60,80
1998,1,-70.361,-6.864,"sea ice",1,60,80
1998,1,-70.342,-6.876,"sea ice",1,60,80
1998,1,-70.296,-6.905,"sea ice",1,60,80
1998,1,-70.12,-6.997,"sea ice",2,60,80
1998,1,-70.084,-7.016,"sea ice",1,60,80
1998,1,-70.073,-7.022,"sea ice",1,60,80
1998,1,-69.985,-7.066,"sea ice",1,60,80
1998,1,-69.948,-7.085,"sea ice",1,60,80
1998,1,-69.945,-7.086,"sea ice",1,60,80
1998,1,-69.927,-7.096,"sea ice",1,60,80
1998,1,-69.914,-7.104,"sea ice",1,60,80
1998,1,-69.913,-7.104,"sea ice",1,60,80
1998,1,-69.884,-7.121,"sea ice",1,60,80
1998,1,-69.855,-7.14,"sea ice",0,0,10
1998,1,-69.664,-7.238,"open water",0,0,0
1998,1,-69.718,-7.839,"sea ice",0,0,10
1998,1,-69.748,-7.816,"sea ice",1,10,20
1998,1,-69.808,-7.77,"sea ice",1,20,40
1998,1,-69.984,-7.618,"sea ice",1,30,40
1998,1,-69.987,-7.616,"sea ice",2,30,40
1998,1,-69.99,-7.613,"sea ice",1,30,40
1998,1,-70.103,-7.528,"sea ice",1,50,70
1998,1,-70.381,-7.303,"sea ice",0,0,0
1998,1,-70.434,-7.259,"ice shelf",0,0,0
1998,1,-70.85,-9.766,"ice shelf",0,0,0
1998,1,-70.933,-10.381,"sea ice",1,30,50
1998,1,-70.945,-10.485,"sea ice",2,50,70
1998,1,-70.959,-10.588,"sea ice",1,50,70
1998,1,-70.961,-10.607,"sea ice",1,50,70
1998,1,-71.072,-11.494,"sea ice",1,30,50
1998,1,-71.072,-11.497,"sea ice",1,30,50
1998,1,-71.079,-11.552,"sea ice",1,30,50
1998,1,-71.082,-11.577,"sea ice",1,30,50
1998,1,-71.104,-11.749,"sea ice",1,20,30
1998,1,-71.109,-11.783,"sea ice",1,20,30
1998,1,-71.141,-12.053,"sea ice",1,20,30
1998,1,-71.146,-12.093,"sea ice",2,20,30
1998,1,-71.205,-12.599,"sea ice",1,20,30
1998,1,-71.261,-13.088,"sea ice",0,0,10
1998,1,-71.286,-13.31,"sea ice",0,20,30
1998,1,-71.288,-13.505,"sea ice",1,20,30
1998,1,-71.273,-13.539,"sea ice",0,0,10
1998,1,-70.979,-13.353,"open water",0,0,0
1998,1,-70.726,-13.165,"sea ice",0,30,40
1998,1,-70.669,-13.122,"open water",0,0,0
1998,1,-69.739,-13.89,"sea ice",0,0,10
1998,1,-69.754,-13.813,"sea ice",0,20,40
1998,1,-69.815,-13.472,"sea ice",2,20,40
1998,1,-69.834,-13.36,"open water",0,0,0
1998,1,-70.344,-10.329,"sea ice",0,0,10
1998,1,-70.357,-10.232,"sea ice",0,20,30
1998,1,-70.369,-10.146,"sea ice",1,40,60
1998,1,-70.398,-9.958,"sea ice",1,40,60
1998,1,-70.399,-9.955,"sea ice",1,40,60
1998,1,-70.411,-9.875,"sea ice",2,40,60
1998,1,-70.429,-9.755,"sea ice",1,40,60
1998,1,-70.433,-9.726,"sea ice",1,40,60
1998,1,-70.435,-9.713,"sea ice",1,40,60
1998,1,-70.445,-9.647,"sea ice",2,60,80
1998,1,-70.445,-9.645,"sea ice",2,60,80
1998,1,-70.453,-9.593,"sea ice",1,60,80
1998,1,-70.468,-9.492,"sea ice",1,60,80
1998,1,-70.469,-9.483,"sea ice",1,60,80
1998,1,-70.494,-9.327,"sea ice",1,60,80
1998,1,-70.522,-9.155,"sea ice",1,40,60
1998,1,-70.525,-9.134,"sea ice",1,40,60
1998,1,-70.558,-8.899,"ice shelf",0,0,0
2000,12,-70.443,-7.77,"ice shelf",0,0,0
2000,12,-70.229,-8.017,"sea ice",0,0,10
2000,12,-69.943,-8.339,"sea ice",1,40,80
2000,12,-69.907,-8.382,"sea ice",1,70,90
2000,12,-69.888,-8.402,"sea ice",1,70,90
2000,12,-69.884,-8.407,"sea ice",1,70,90
2000,12,-69.736,-8.565,"sea ice",1,70,90
2000,12,-69.699,-8.606,"sea ice",1,70,90
2000,12,-69.687,-8.62,"sea ice",1,70,90
2000,12,-69.55,-8.77,"sea ice",1,70,90
2000,12,-69.542,-8.778,"sea ice",1,70,90
2000,12,-69.526,-8.794,"sea ice",1,70,90
2000,12,-69.37,-8.951,"sea ice",1,70,90
2000,12,-69.358,-8.964,"sea ice",1,70,90
2000,12,-69.308,-9.013,"sea ice",1,70,90
2000,12,-69.296,-9.024,"sea ice",1,70,90
2000,12,-69.242,-9.082,"sea ice",3,70,90
2000,12,-69.239,-9.086,"sea ice",1,70,90
2000,12,-69.238,-9.087,"sea ice",1,70,90
2000,12,-69.233,-9.094,"sea ice",1,70,90
2000,12,-69.109,-9.235,"sea ice",1,40,70
2000,12,-69.066,-9.282,"sea ice",1,40,70
2000,12,-69.065,-9.284,"sea ice",1,40,70
2000,12,-69.05,-9.3,"sea ice",1,40,70
2000,12,-68.96,-9.392,"sea ice",1,40,70
2000,12,-68.951,-9.401,"sea ice",1,40,70
2000,12,-68.81,-9.539,"sea ice",1,40,70
2000,12,-68.773,-9.578,"sea ice",1,70,90
2000,12,-68.695,-9.66,"sea ice",2,70,90
2000,12,-68.573,-9.781,"sea ice",1,70,90
2000,12,-68.499,-9.852,"sea ice",1,70,90
2000,12,-68.455,-9.893,"sea ice",1,70,90
2000,12,-68.448,-9.899,"sea ice",1,70,90
2000,12,-68.365,-9.974,"sea ice",1,70,90
2000,12,-68.306,-10.035,"sea ice",1,70,90
2000,12,-68.303,-10.037,"sea ice",1,70,90
2000,12,-68.285,-10.056,"sea ice",1,70,90
2000,12,-68.212,-10.128,"sea ice",1,70,90
2000,12,-68.142,-10.196,"sea ice",1,50,80
2000,12,-67.832,-10.474,"sea ice",1,20,50
2000,12,-67.83,-10.476,"sea ice",1,20,50
2000,12,-67.812,-10.492,"sea ice",1,20,50
2000,12,-67.8,-10.503,"sea ice",2,20,50
2000,12,-67.797,-10.506,"sea ice",1,20,50
2000,12,-67.758,-10.539,"sea ice",1,20,50
2000,12,-67.746,-10.549,"sea ice",2,10,30
2000,12,-67.744,-10.551,"sea ice",1,10,30
2000,12,-67.736,-10.558,"sea ice",2,10,30
2000,12,-67.609,-10.681,"open water",0,0,0
2000,12,-67.667,-10.136,"sea ice",0,0,10
2000,12,-67.743,-10.068,"sea ice",1,10,30
2000,12,-67.782,-10.036,"sea ice",1,10,30
2000,12,-67.902,-9.944,"sea ice",1,20,40
2000,12,-68.004,-9.857,"sea ice",1,20,40
2000,12,-68.011,-9.85,"sea ice",1,20,40
2000,12,-68.103,-9.765,"sea ice",1,20,40
2000,12,-68.271,-9.608,"sea ice",1,20,40
2000,12,-68.311,-9.579,"sea ice",1,20,40
2000,12,-68.356,-9.541,"sea ice",1,30,50
2000,12,-68.366,-9.534,"sea ice",1,30,50
2000,12,-68.377,-9.526,"sea ice",1,30,50
2000,12,-68.454,-9.461,"sea ice",1,30,50
2000,12,-68.471,-9.445,"sea ice",1,30,50
2000,12,-68.51,-9.412,"sea ice",1,30,50
2000,12,-68.647,-9.283,"sea ice",1,30,50
2000,12,-68.657,-9.273,"sea ice",1,30,50
2000,12,-68.783,-9.166,"sea ice",3,30,50
2000,12,-68.847,-9.105,"sea ice",1,30,50
2000,12,-68.869,-9.086,"sea ice",1,30,50
2000,12,-68.886,-9.072,"sea ice",1,30,50
2000,12,-68.976,-8.984,"sea ice",1,50,80
2000,12,-69.047,-8.918,"sea ice",1,50,80
2000,12,-69.178,-8.796,"sea ice",1,50,80
2000,12,-69.235,-8.743,"sea ice",1,50,80
2000,12,-69.315,-8.671,"sea ice",1,50,80
2000,12,-69.326,-8.662,"sea ice",1,50,80
2000,12,-69.361,-8.631,"sea ice",1,50,80
2000,12,-69.707,-8.289,"sea ice",1,50,80
2000,12,-69.806,-8.183,"sea ice",1,50,80
2000,12,-69.995,-7.984,"sea ice",1,50,80
2000,12,-70.012,-7.966,"sea ice",1,50,80
2000,12,-70.02,-7.959,"sea ice",1,50,80
2000,12,-70.059,-7.919,"sea ice",1,50,80
2000,12,-70.117,-7.859,"sea ice",1,50,80
2000,12,-70.152,-7.82,"sea ice",1,50,80
2000,12,-70.36,-7.597,"open water",0,0,0
2000,12,-70.489,-7.456,"ice shelf",0,0,0
2000,12,-70.441,-7.32,"ice shelf",0,0,0
2000,12,-70.324,-7.443,"sea ice",0,0,10
2000,12,-70.308,-7.459,"sea ice",1,70,90
2000,12,-70.277,-7.485,"sea ice",2,70,90
2000,12,-70.276,-7.486,"sea ice",1,70,90
2000,12,-70.257,-7.503,"sea ice",1,70,90
2000,12,-70.214,-7.541,"sea ice",1,70,90
2000,12,-70.208,-7.547,"sea ice",2,70,90
2000,12,-70.194,-7.56,"sea ice",1,70,90
2000,12,-70.192,-7.562,"sea ice",1,70,90
2000,12,-70.19,-7.564,"sea ice",1,70,90
2000,12,-70.173,-7.577,"sea ice",2,70,90
2000,12,-70.17,-7.58,"sea ice",1,70,90
2000,12,-70.167,-7.582,"sea ice",3,70,90
2000,12,-70.166,-7.583,"sea ice",1,70,90
2000,12,-70.157,-7.59,"sea ice",1,70,90
2000,12,-70.154,-7.592,"sea ice",1,70,90
2000,12,-70.143,-7.6,"sea ice",1,70,90
2000,12,-70.142,-7.601,"sea ice",1,70,90
2000,12,-70.126,-7.613,"sea ice",1,70,90
2000,12,-70.124,-7.615,"sea ice",1,70,90
2000,12,-70.104,-7.63,"sea ice",1,70,90
2000,12,-70.096,-7.637,"sea ice",1,70,90
2000,12,-70.092,-7.64,"sea ice",1,50,80
2000,12,-70.09,-7.641,"sea ice",1,50,80
2000,12,-70.089,-7.642,"sea ice",1,50,80
2000,12,-70.077,-7.651,"sea ice",1,50,80
2000,12,-70.076,-7.652,"sea ice",1,50,80
2000,12,-70.068,-7.659,"sea ice",1,50,80
2000,12,-70.042,-7.68,"sea ice",1,50,80
2000,12,-70.027,-7.691,"sea ice",1,50,80
2000,12,-70.008,-7.706,"sea ice",1,40,60
2000,12,-70.006,-7.708,"sea ice",1,40,60
2000,12,-69.986,-7.724,"sea ice",1,40,60
2000,12,-69.897,-7.796,"sea ice",1,40,60
2000,12,-69.889,-7.803,"sea ice",1,40,60
2000,12,-69.869,-7.82,"sea ice",1,40,60
2000,12,-69.856,-7.83,"sea ice",1,40,60
2000,12,-69.786,-7.894,"sea ice",1,40,60
2000,12,-69.723,-7.947,"sea ice",1,40,60
2000,12,-69.675,-7.985,"sea ice",1,40,60
2000,12,-69.674,-7.986,"sea ice",1,40,60
2000,12,-69.664,-7.993,"sea ice",1,40,60
2000,12,-69.657,-8,"sea ice",1,40,60
2000,12,-69.65,-8.006,"sea ice",1,40,60
2000,12,-69.647,-8.009,"sea ice",1,40,60
2000,12,-69.645,-8.01,"sea ice",1,40,60
2000,12,-69.602,-8.05,"sea ice",1,40,60
2000,12,-69.454,-8.176,"sea ice",1,40,60
2000,12,-69.366,-8.255,"sea ice",1,30,50
2000,12,-69.246,-8.363,"sea ice",1,30,50
2000,12,-69.203,-8.403,"sea ice",1,30,50
2000,12,-69.186,-8.417,"sea ice",1,20,40
2000,12,-68.97,-8.588,"sea ice",1,20,40
2000,12,-68.73,-8.78,"sea ice",1,20,40
2000,12,-68.602,-8.876,"sea ice",1,20,40
2000,12,-68.498,-8.938,"sea ice",1,20,40
2000,12,-68.391,-9.023,"sea ice",1,20,40
2000,12,-68.385,-9.029,"sea ice",1,20,40
2000,12,-68.318,-9.086,"sea ice",1,20,40
2000,12,-68.294,-9.106,"sea ice",1,20,40
2000,12,-68.263,-9.132,"sea ice",1,20,40
2000,12,-68.039,-9.338,"sea ice",1,20,40
2000,12,-67.983,-9.392,"sea ice",1,20,40
2000,12,-67.76,-9.566,"sea ice",1,20,40
2000,12,-67.75,-9.573,"sea ice",1,20,40
2000,12,-67.571,-9.685,"sea ice",1,20,40
2000,12,-67.305,-9.86,"open water",0,0,0
2000,12,-67.419,-9.18,"sea ice",0,0,10
2000,12,-67.524,-9.118,"sea ice",2,10,20
2000,12,-67.906,-8.889,"sea ice",1,20,40
2000,12,-67.951,-8.857,"sea ice",3,20,40
2000,12,-67.981,-8.838,"sea ice",1,20,40
2000,12,-68.039,-8.802,"sea ice",1,20,40
2000,12,-68.076,-8.781,"sea ice",1,20,40
2000,12,-68.178,-8.715,"sea ice",1,20,40
2000,12,-68.4,-8.574,"sea ice",1,30,50
2000,12,-68.414,-8.567,"sea ice",1,30,50
2000,12,-68.454,-8.545,"sea ice",1,30,50
2000,12,-68.655,-8.407,"sea ice",1,30,50
2000,12,-68.834,-8.305,"sea ice",1,30,50
2000,12,-68.908,-8.259,"sea ice",1,50,80
2000,12,-69.034,-8.158,"sea ice",1,50,80
2000,12,-69.135,-8.094,"sea ice",1,50,80
2000,12,-69.175,-8.066,"sea ice",1,50,80
2000,12,-69.329,-7.952,"sea ice",1,50,80
2000,12,-69.332,-7.95,"sea ice",1,50,80
2000,12,-69.37,-7.923,"sea ice",1,50,80
2000,12,-69.456,-7.857,"sea ice",1,50,80
2000,12,-69.457,-7.856,"sea ice",1,50,80
2000,12,-69.534,-7.798,"sea ice",1,50,80
2000,12,-69.592,-7.757,"sea ice",1,50,80
2000,12,-69.604,-7.749,"sea ice",1,50,80
2000,12,-69.614,-7.743,"sea ice",1,50,80
2000,12,-69.652,-7.721,"sea ice",1,50,80
2000,12,-69.749,-7.669,"sea ice",1,50,80
2000,12,-69.814,-7.609,"sea ice",1,50,80
2000,12,-69.829,-7.595,"sea ice",1,50,80
2000,12,-69.846,-7.579,"sea ice",1,50,80
2000,12,-69.852,-7.574,"sea ice",1,50,80
2000,12,-69.873,-7.555,"sea ice",1,50,80
2000,12,-69.875,-7.553,"sea ice",1,50,80
2000,12,-70.011,-7.451,"sea ice",1,50,80
2000,12,-70.036,-7.436,"sea ice",1,50,80
2000,12,-70.039,-7.433,"sea ice",2,50,80
2000,12,-70.28,-7.251,"open water",0,0,0
2000,12,-70.435,-7.14,"ice shelf",0,0,0
2000,12,-67.084,-8.628,"sea ice",0,10,20
2000,12,-67.235,-8.561,"sea ice",1,10,20
2000,12,-67.698,-8.336,"sea ice",1,30,50
2000,12,-67.894,-8.242,"sea ice",1,30,50
2000,12,-67.94,-8.221,"sea ice",1,30,50
2000,12,-67.942,-8.219,"sea ice",1,30,50
2000,12,-67.975,-8.201,"sea ice",1,30,50
2000,12,-68.106,-8.139,"sea ice",1,30,50
2000,12,-68.112,-8.137,"sea ice",1,30,50
2000,12,-68.117,-8.135,"sea ice",1,30,50
2000,12,-68.119,-8.134,"sea ice",1,30,50
2000,12,-68.327,-8.029,"sea ice",1,30,50
2000,12,-68.437,-7.977,"sea ice",1,30,50
2000,12,-68.533,-7.927,"sea ice",1,30,50
2000,12,-68.753,-7.82,"sea ice",1,30,50
2000,12,-68.934,-7.727,"sea ice",1,30,50
2000,12,-68.999,-7.692,"sea ice",1,70,90
2000,12,-69.031,-7.676,"sea ice",1,70,90
2000,12,-69.438,-7.458,"sea ice",2,70,90
2000,12,-69.454,-7.45,"sea ice",2,70,90
2000,12,-69.54,-7.403,"sea ice",1,50,90
2000,12,-69.627,-7.353,"sea ice",1,50,90
2000,12,-69.727,-7.29,"sea ice",1,50,90
2000,12,-69.788,-7.263,"sea ice",1,50,90
2000,12,-69.802,-7.253,"sea ice",1,50,90
2000,12,-69.912,-7.195,"sea ice",1,50,90
2000,12,-69.967,-7.165,"sea ice",1,50,90
2000,12,-70.028,-7.13,"sea ice",1,50,90
2000,12,-70.06,-7.108,"open water",0,0,0
2000,12,-70.437,-6.878,"ice shelf",0,0,0
2000,12,-70.46,-6.771,"ice shelf",0,0,0
2000,12,-70.138,-6.881,"sea ice",0,0,10
2000,12,-70.094,-6.898,"sea ice",1,70,90
2000,12,-69.974,-6.954,"sea ice",1,70,90
2000,12,-69.968,-6.956,"sea ice",1,70,90
2000,12,-69.928,-6.975,"sea ice",1,70,90
2000,12,-69.841,-7.018,"sea ice",1,70,90
2000,12,-69.758,-7.054,"sea ice",1,70,90
2000,12,-69.738,-7.065,"sea ice",1,60,80
2000,12,-69.616,-7.125,"sea ice",1,60,80
2000,12,-69.61,-7.127,"sea ice",1,60,80
2000,12,-69.4,-7.21,"sea ice",1,60,80
2000,12,-69.394,-7.213,"sea ice",1,60,80
2000,12,-69.308,-7.261,"sea ice",1,60,80
2000,12,-69.292,-7.271,"sea ice",1,60,80
2000,12,-69.11,-7.355,"sea ice",1,40,70
2000,12,-69.098,-7.361,"sea ice",1,40,70
2000,12,-69.077,-7.369,"sea ice",1,40,70
2000,12,-69.014,-7.392,"sea ice",1,20,40
2000,12,-68.95,-7.417,"sea ice",1,20,40
2000,12,-68.944,-7.42,"sea ice",1,20,40
2000,12,-68.912,-7.433,"sea ice",1,20,40
2000,12,-68.896,-7.44,"sea ice",1,20,40
2000,12,-68.86,-7.454,"sea ice",1,20,40
2000,12,-68.751,-7.502,"sea ice",2,20,40
2000,12,-68.647,-7.533,"sea ice",1,20,40
2000,12,-68.553,-7.561,"sea ice",1,20,40
2000,12,-68.333,-7.642,"sea ice",1,10,30
2000,12,-68.303,-7.657,"sea ice",1,10,30
2000,12,-68.284,-7.667,"sea ice",1,10,30
2000,12,-68.201,-7.703,"sea ice",1,40,60
2000,12,-67.968,-7.792,"sea ice",1,10,20
2000,12,-67.371,-7.994,"open water",0,0,0
2000,12,-67.614,-7.361,"sea ice",0,10,20
2000,12,-67.872,-7.285,"sea ice",1,10,30
2000,12,-67.976,-7.254,"sea ice",1,50,80
2000,12,-67.988,-7.254,"sea ice",1,50,80
2000,12,-68.002,-7.254,"sea ice",1,50,80
2000,12,-68.01,-7.254,"sea ice",1,50,80
2000,12,-68.147,-7.217,"sea ice",1,50,80
2000,12,-68.156,-7.214,"sea ice",1,50,80
2000,12,-68.166,-7.211,"sea ice",1,50,80
2000,12,-68.202,-7.205,"sea ice",1,50,80
2000,12,-68.21,-7.204,"sea ice",1,50,80
2000,12,-68.254,-7.19,"sea ice",1,50,80
2000,12,-68.552,-7.113,"sea ice",1,50,80
2000,12,-68.618,-7.087,"sea ice",1,50,80
2000,12,-68.671,-7.071,"sea ice",1,50,80
2000,12,-68.967,-6.99,"sea ice",1,30,50
2000,12,-69.004,-6.975,"sea ice",1,30,50
2000,12,-69.066,-6.966,"sea ice",1,30,50
2000,12,-69.132,-6.943,"sea ice",3,30,50
2000,12,-69.15,-6.937,"sea ice",1,30,50
2000,12,-69.162,-6.934,"sea ice",1,30,50
2000,12,-69.26,-6.898,"sea ice",1,20,40
2000,12,-69.445,-6.851,"sea ice",1,20,40
2000,12,-69.616,-6.816,"sea ice",1,20,40
2000,12,-69.621,-6.814,"sea ice",1,10,30
2000,12,-69.663,-6.801,"sea ice",1,10,30
2000,12,-69.715,-6.786,"sea ice",1,10,30
2000,12,-69.749,-6.77,"sea ice",2,10,30
2000,12,-69.888,-6.711,"sea ice",1,10,30
2000,12,-69.912,-6.701,"sea ice",1,10,30
2000,12,-69.93,-6.695,"open water",0,0,0
2000,12,-70.421,-6.531,"ice shelf",0,0,0
2000,12,-70.445,-6.304,"ice shelf",0,0,0
2000,12,-70.035,-6.387,"sea ice",0,10,20
2000,12,-69.824,-6.432,"sea ice",1,50,70
2000,12,-69.77,-6.437,"sea ice",1,50,70
2000,12,-69.609,-6.468,"sea ice",1,50,70
2000,12,-69.56,-6.487,"sea ice",1,60,80
2000,12,-69.491,-6.502,"sea ice",1,60,80
2000,12,-69.462,-6.508,"sea ice",1,60,80
2000,12,-69.444,-6.509,"sea ice",1,60,80
2000,12,-69.441,-6.51,"sea ice",1,60,80
2000,12,-69.419,-6.513,"sea ice",1,60,80
2000,12,-69.227,-6.555,"open water",0,0,0
2000,12,-69.113,-6.576,"open water",0,0,0
2000,12,-68.967,-6.606,"sea ice",1,60,80
2000,12,-68.955,-6.607,"sea ice",1,60,80
2000,12,-68.953,-6.608,"sea ice",1,60,80
2000,12,-68.952,-6.608,"sea ice",1,60,80
2000,12,-68.93,-6.611,"sea ice",1,60,80
2000,12,-68.928,-6.612,"sea ice",1,60,80
2000,12,-68.919,-6.613,"sea ice",1,60,80
2000,12,-68.906,-6.616,"sea ice",1,60,80
2000,12,-68.886,-6.619,"sea ice",1,60,80
2000,12,-68.857,-6.623,"sea ice",1,60,80
2000,12,-68.835,-6.625,"sea ice",1,60,80
2000,12,-68.814,-6.626,"sea ice",1,60,80
2000,12,-68.772,-6.634,"sea ice",1,50,70
2000,12,-68.726,-6.646,"sea ice",1,50,70
2000,12,-68.666,-6.659,"sea ice",1,50,70
2000,12,-68.663,-6.659,"sea ice",1,50,70
2000,12,-68.656,-6.661,"sea ice",1,50,70
2000,12,-68.653,-6.661,"sea ice",1,50,70
2000,12,-68.633,-6.666,"sea ice",1,50,70
2000,12,-68.494,-6.694,"sea ice",1,40,60
2000,12,-68.461,-6.701,"sea ice",1,40,60
2000,12,-68.452,-6.703,"sea ice",1,40,60
2000,12,-68.438,-6.707,"sea ice",1,40,60
2000,12,-68.436,-6.707,"sea ice",1,40,60
2000,12,-68.35,-6.721,"sea ice",1,40,60
2000,12,-68.328,-6.723,"sea ice",1,50,70
2000,12,-68.313,-6.725,"sea ice",1,50,70
2000,12,-68.303,-6.725,"sea ice",1,50,70
2000,12,-68.289,-6.727,"sea ice",1,50,70
2000,12,-68.232,-6.741,"sea ice",1,50,70
2000,12,-68.182,-6.747,"sea ice",1,50,70
2000,12,-68.181,-6.747,"sea ice",1,50,70
2000,12,-68.177,-6.747,"sea ice",1,50,70
2000,12,-68.159,-6.748,"sea ice",2,50,70
2000,12,-68.119,-6.758,"sea ice",1,30,50
2000,12,-68.11,-6.76,"sea ice",1,30,50
2000,12,-67.852,-6.805,"sea ice",1,20,40
2000,12,-67.788,-6.817,"sea ice",1,10,20
2000,12,-67.714,-6.826,"open water",0,0,0
2000,12,-67.576,-6.538,"sea ice",0,0,10
2000,12,-67.913,-6.5,"sea ice",1,20,40
2000,12,-67.933,-6.498,"sea ice",1,50,70
2000,12,-68.014,-6.488,"sea ice",1,50,70
2000,12,-68.04,-6.484,"sea ice",1,50,70
2000,12,-68.046,-6.484,"sea ice",1,50,70
2000,12,-68.071,-6.482,"sea ice",1,70,90
2000,12,-68.101,-6.478,"sea ice",1,70,90
2000,12,-68.103,-6.477,"sea ice",1,70,90
2000,12,-68.105,-6.477,"sea ice",1,70,90
2000,12,-68.118,-6.476,"sea ice",3,70,90
2000,12,-68.119,-6.476,"sea ice",1,70,90
2000,12,-68.127,-6.475,"sea ice",1,70,90
2000,12,-68.134,-6.475,"sea ice",1,70,90
2000,12,-68.135,-6.475,"sea ice",1,70,90
2000,12,-68.139,-6.474,"sea ice",1,70,90
2000,12,-68.139,-6.474,"sea ice",2,70,90
2000,12,-68.147,-6.474,"sea ice",1,70,90
2000,12,-68.16,-6.474,"sea ice",1,70,90
2000,12,-68.186,-6.474,"sea ice",1,70,90
2000,12,-68.187,-6.474,"sea ice",4,70,90
2000,12,-68.188,-6.474,"sea ice",2,70,90
2000,12,-68.215,-6.471,"sea ice",2,70,90
2000,12,-68.338,-6.459,"sea ice",1,50,70
2000,12,-68.351,-6.457,"sea ice",1,50,70
2000,12,-68.397,-6.45,"sea ice",1,50,70
2000,12,-68.427,-6.45,"sea ice",1,50,70
2000,12,-68.438,-6.45,"sea ice",1,50,70
2000,12,-68.481,-6.445,"sea ice",1,70,90
2000,12,-68.503,-6.442,"sea ice",1,70,90
2000,12,-68.513,-6.44,"sea ice",1,70,90
2000,12,-68.542,-6.438,"sea ice",1,70,90
2000,12,-68.556,-6.437,"sea ice",1,70,90
2000,12,-68.562,-6.437,"sea ice",1,70,90
2000,12,-68.568,-6.436,"sea ice",1,70,90
2000,12,-68.616,-6.434,"sea ice",1,70,90
2000,12,-68.68,-6.419,"sea ice",1,70,90
2000,12,-68.747,-6.41,"sea ice",3,70,90
2000,12,-68.798,-6.41,"sea ice",1,70,90
2000,12,-68.803,-6.41,"sea ice",1,70,90
2000,12,-68.837,-6.406,"sea ice",1,70,90
2000,12,-68.851,-6.404,"sea ice",1,70,90
2000,12,-68.897,-6.401,"sea ice",1,70,90
2000,12,-69.033,-6.379,"sea ice",1,20,40
2000,12,-69.203,-6.365,"sea ice",1,50,70
2000,12,-69.209,-6.363,"sea ice",1,50,70
2000,12,-69.238,-6.352,"sea ice",1,20,40
2000,12,-69.324,-6.346,"sea ice",1,20,40
2000,12,-69.36,-6.34,"sea ice",1,50,70
2000,12,-69.362,-6.34,"sea ice",1,50,70
2000,12,-69.37,-6.338,"sea ice",1,50,70
2000,12,-69.399,-6.334,"sea ice",1,50,70
2000,12,-69.41,-6.333,"sea ice",1,50,70
2000,12,-69.426,-6.332,"sea ice",1,50,70
2000,12,-69.526,-6.314,"sea ice",2,50,70
2000,12,-69.645,-6.297,"sea ice",1,50,70
2000,12,-69.666,-6.296,"sea ice",1,50,70
2000,12,-69.738,-6.285,"sea ice",1,20,40
2000,12,-69.796,-6.274,"sea ice",1,20,40
2000,12,-69.807,-6.271,"sea ice",1,20,40
2000,12,-69.907,-6.26,"sea ice",1,20,40
2000,12,-70.052,-6.236,"sea ice",0,0,0
2000,12,-70.393,-6.188,"ice shelf",0,0,0
2001,1,-70.403,-4.321,"ice shelf",0,0,0
2001,1,-70.303,-4.322,"sea ice",0,0,10
2001,1,-70.294,-4.322,"sea ice",1,10,30
2001,1,-70.282,-4.321,"open water",0,0,0
2001,1,-70.206,-4.324,"sea ice",0,0,10
2001,1,-70.132,-4.326,"sea ice",1,10,30
2001,1,-70.068,-4.328,"open water",0,0,0
2001,1,-69.957,-4.324,"sea ice",0,0,10
2001,1,-69.953,-4.325,"sea ice",1,10,30
2001,1,-69.949,-4.325,"sea ice",2,10,30
2001,1,-69.947,-4.325,"open water",0,0,0
2001,1,-69.888,-4.325,"sea ice",0,0,10
2001,1,-69.885,-4.325,"sea ice",2,20,40
2001,1,-69.883,-4.325,"sea ice",1,20,40
2001,1,-69.849,-4.323,"sea ice",1,30,50
2001,1,-69.846,-4.323,"sea ice",1,30,50
2001,1,-69.772,-4.326,"sea ice",1,40,60
2001,1,-69.762,-4.326,"sea ice",2,40,60
2001,1,-69.747,-4.327,"sea ice",1,40,60
2001,1,-69.74,-4.327,"sea ice",1,40,60
2001,1,-69.738,-4.327,"sea ice",1,40,60
2001,1,-69.733,-4.327,"sea ice",1,40,60
2001,1,-69.729,-4.327,"sea ice",1,40,60
2001,1,-69.722,-4.327,"sea ice",1,40,60
2001,1,-69.672,-4.326,"sea ice",1,40,60
2001,1,-69.66,-4.326,"sea ice",1,40,60
2001,1,-69.627,-4.326,"sea ice",1,40,60
2001,1,-69.597,-4.325,"sea ice",1,40,60
2001,1,-69.548,-4.321,"sea ice",1,40,60
2001,1,-69.501,-4.318,"sea ice",1,40,60
2001,1,-69.491,-4.317,"sea ice",1,40,60
2001,1,-69.461,-4.317,"sea ice",1,40,60
2001,1,-69.413,-4.32,"sea ice",1,40,60
2001,1,-69.387,-4.32,"sea ice",1,40,60
2001,1,-69.367,-4.321,"sea ice",1,70,90
2001,1,-69.362,-4.321,"sea ice",1,70,90
2001,1,-69.356,-4.322,"sea ice",1,70,90
2001,1,-69.337,-4.324,"sea ice",1,70,90
2001,1,-69.316,-4.324,"sea ice",1,70,90
2001,1,-69.294,-4.323,"sea ice",1,70,90
2001,1,-69.289,-4.323,"sea ice",1,70,90
2001,1,-69.266,-4.322,"sea ice",1,80,90
2001,1,-69.248,-4.322,"sea ice",1,80,90
2001,1,-69.225,-4.321,"sea ice",1,80,90
2001,1,-69.188,-4.316,"sea ice",1,80,90
2001,1,-69.184,-4.316,"sea ice",1,80,90
2001,1,-69.16,-4.317,"sea ice",1,80,90
2001,1,-69.153,-4.318,"sea ice",1,80,90
2001,1,-69.099,-4.318,"sea ice",1,80,90
2001,1,-69.082,-4.317,"sea ice",1,80,90
2001,1,-69.001,-4.32,"sea ice",0,10,20
2001,1,-68.792,-4.32,"open water",0,0,0
2001,1,-69.284,-3.841,"sea ice",0,0,10
2001,1,-69.362,-3.844,"sea ice",1,40,60
2001,1,-69.415,-3.844,"sea ice",1,60,80
2001,1,-69.421,-3.844,"sea ice",1,60,80
2001,1,-69.454,-3.844,"sea ice",1,60,80
2001,1,-69.466,-3.843,"sea ice",1,60,80
2001,1,-69.511,-3.843,"sea ice",1,60,80
2001,1,-69.532,-3.844,"sea ice",1,60,80
2001,1,-69.589,-3.847,"sea ice",1,60,80
2001,1,-69.606,-3.848,"sea ice",1,60,80
2001,1,-69.653,-3.846,"sea ice",1,60,80
2001,1,-69.662,-3.845,"sea ice",1,60,80
2001,1,-69.76,-3.842,"sea ice",1,20,40
2001,1,-69.867,-3.839,"sea ice",1,20,40
2001,1,-69.868,-3.839,"sea ice",1,20,40
2001,1,-69.995,-3.845,"sea ice",1,50,70
2001,1,-70.015,-3.845,"sea ice",2,50,70
2001,1,-70.018,-3.845,"sea ice",2,50,70
2001,1,-70.036,-3.845,"sea ice",1,50,70
2001,1,-70.042,-3.845,"sea ice",1,50,70
2001,1,-70.043,-3.845,"sea ice",1,50,70
2001,1,-70.099,-3.845,"sea ice",1,50,70
2001,1,-70.13,-3.845,"sea ice",1,50,70
2001,1,-70.142,-3.845,"sea ice",1,50,70
2001,1,-70.144,-3.845,"sea ice",1,50,70
2001,1,-70.148,-3.845,"open water",0,0,0
2001,1,-70.179,-3.845,"ice shelf",0,0,0
2001,1,-70.284,4.293,"ice shelf",0,0,0
2001,1,-70.099,4.329,"fast ice",0,100,100
2001,1,-70.098,4.329,"open water",0,0,0
2001,1,-70.065,4.327,"sea ice",0,0,0
2001,1,-70.012,4.324,"sea ice",1,10,20
2001,1,-69.96,4.323,"sea ice",3,10,30
2001,1,-69.928,4.323,"sea ice",1,10,30
2001,1,-69.892,4.324,"sea ice",1,10,30
2001,1,-69.891,4.324,"sea ice",1,10,30
2001,1,-69.771,4.33,"sea ice",2,10,30
2001,1,-69.679,4.32,"sea ice",0,10,30
2001,1,-70.286,-5.283,"ice shelf",0,0,0
2001,1,-70.13,-5.292,"sea ice",0,10,20
2001,1,-70.129,-5.292,"sea ice",0,10,20
2001,1,-69.921,-5.284,"sea ice",0,10,20
2001,1,-69.853,-5.285,"sea ice",1,30,50
2001,1,-69.827,-5.287,"sea ice",1,30,50
2001,1,-69.826,-5.287,"sea ice",1,30,50
2001,1,-69.782,-5.287,"sea ice",0,10,20
2001,1,-69.514,-5.285,"sea ice",0,10,20
2001,1,-69.466,-5.288,"sea ice",1,40,60
2001,1,-69.31,-5.288,"sea ice",1,40,60
2001,1,-69.287,-5.287,"sea ice",1,40,60
2001,1,-69.196,-5.284,"sea ice",1,40,60
2001,1,-69.195,-5.284,"sea ice",1,40,60
2001,1,-69.183,-5.284,"sea ice",1,50,70
2001,1,-69.171,-5.284,"sea ice",2,50,70
2001,1,-69.166,-5.284,"sea ice",1,50,70
2001,1,-69.161,-5.284,"sea ice",1,50,70
2001,1,-69.138,-5.282,"sea ice",1,50,70
2001,1,-69.134,-5.282,"sea ice",1,50,70
2001,1,-68.938,-5.281,"sea ice",1,60,80
2001,1,-68.937,-5.281,"sea ice",1,60,80
2001,1,-68.914,-5.28,"sea ice",1,60,80
2001,1,-68.836,-5.281,"sea ice",1,40,60
2001,1,-68.812,-5.28,"sea ice",1,40,60
2001,1,-68.758,-5.282,"sea ice",1,40,60
2001,1,-68.602,-5.285,"sea ice",1,40,60
2001,1,-68.553,-5.286,"sea ice",1,40,60
2001,1,-68.55,-5.286,"sea ice",1,20,40
2001,1,-68.521,-5.287,"sea ice",1,20,40
2001,1,-68.482,-5.284,"sea ice",1,20,40
2001,1,-68.313,-5.28,"open water",0,0,0
2001,1,-68.626,-4.791,"sea ice",0,10,20
2001,1,-68.626,-4.791,"sea ice",0,10,20
2001,1,-68.873,-4.802,"sea ice",0,10,20
2001,1,-69.021,-4.802,"sea ice",1,10,30
2001,1,-69.104,-4.797,"sea ice",1,30,50
2001,1,-69.109,-4.797,"sea ice",1,30,50
2001,1,-69.113,-4.797,"sea ice",1,30,50
2001,1,-69.134,-4.795,"sea ice",1,30,50
2001,1,-69.192,-4.794,"sea ice",1,30,50
2001,1,-69.226,-4.79,"sea ice",1,30,50
2001,1,-69.402,-4.794,"sea ice",1,50,70
2001,1,-69.415,-4.792,"sea ice",1,50,70
2001,1,-69.675,-4.8,"sea ice",1,50,70
2001,1,-69.752,-4.804,"sea ice",0,10,20
2001,1,-69.982,-4.792,"sea ice",0,10,20
2001,1,-69.983,-4.792,"open water",0,0,0
2001,1,-70.072,-4.79,"sea ice",0,10,20
2001,1,-70.072,-4.79,"sea ice",0,10,20
2001,1,-70.194,-4.788,"sea ice",0,10,20
2001,1,-70.195,-4.788,"open water",0,0,0
2001,1,-70.319,-4.226,"sea ice",0,10,20
2001,1,-70.326,-3.828,"sea ice",1,20,40
2001,1,-70.322,-3.724,"open water",0,0,0
2001,1,-70.312,-3.382,"ice shelf",0,0,0
2001,1,-69.985,1.186,"ice shelf",0,0,0
2001,1,-69.93,1.61,"sea ice",0,10,20
2001,1,-69.878,1.982,"sea ice",1,70,90
2001,1,-69.876,1.997,"sea ice",1,70,90
2001,1,-69.875,2.001,"sea ice",1,70,90
2001,1,-69.857,2.123,"sea ice",1,70,90
2001,1,-69.823,2.251,"sea ice",1,70,90
2001,1,-69.82,2.257,"sea ice",2,70,90
2001,1,-69.818,2.264,"sea ice",1,70,90
2001,1,-69.815,2.271,"sea ice",3,70,90
2001,1,-69.815,2.273,"sea ice",1,70,90
2001,1,-69.811,2.282,"sea ice",1,70,90
2001,1,-69.805,2.299,"sea ice",1,70,90
2001,1,-69.803,2.304,"sea ice",1,70,90
2001,1,-69.772,2.374,"sea ice",1,70,90
2001,1,-69.769,2.38,"sea ice",1,70,90
2001,1,-69.753,2.398,"sea ice",1,70,90
2001,1,-69.75,2.399,"sea ice",1,70,90
2001,1,-69.746,2.399,"sea ice",1,70,90
2001,1,-69.744,2.399,"sea ice",1,70,90
2001,1,-69.716,2.401,"sea ice",2,70,90
2001,1,-69.614,2.401,"sea ice",1,70,90
2001,1,-69.585,2.4,"sea ice",1,70,90
2001,1,-69.442,2.393,"sea ice",1,70,80
2001,1,-69.384,2.393,"sea ice",1,70,80
2001,1,-69.233,2.39,"sea ice",1,70,80
2001,1,-69.227,2.391,"sea ice",1,70,80
2001,1,-69.119,2.391,"sea ice",1,70,80
2001,1,-68.875,2.394,"sea ice",1,10,30
2001,1,-68.761,2.387,"sea ice",1,10,30
2001,1,-68.572,2.39,"sea ice",1,30,50
2001,1,-68.391,2.395,"sea ice",1,30,50
2001,1,-68.317,2.394,"sea ice",1,30,50
2001,1,-68.279,2.392,"sea ice",1,30,50
2001,1,-68.167,2.388,"sea ice",1,30,50
2001,1,-67.965,2.394,"sea ice",1,10,30
2001,1,-67.811,2.392,"open water",0,0,0
2001,1,-67.836,2.885,"sea ice",0,10,20
2001,1,-67.92,2.889,"sea ice",1,10,30
2001,1,-68.031,2.89,"sea ice",2,30,50
2001,1,-68.047,2.89,"sea ice",1,30,50
2001,1,-68.172,2.886,"sea ice",1,50,70
2001,1,-68.201,2.887,"sea ice",1,50,70
2001,1,-68.476,2.881,"sea ice",1,50,70
2001,1,-68.477,2.881,"sea ice",1,50,70
2001,1,-68.495,2.88,"sea ice",1,50,70
2001,1,-68.582,2.887,"sea ice",1,50,70
2001,1,-68.659,2.884,"sea ice",1,50,70
2001,1,-68.739,2.882,"sea ice",1,50,70
2001,1,-68.998,2.885,"sea ice",1,30,50
2001,1,-69.11,2.883,"sea ice",1,50,70
2001,1,-69.237,2.879,"sea ice",1,50,70
2001,1,-69.343,2.877,"sea ice",5,50,70
2001,1,-69.468,2.882,"sea ice",1,50,70
2001,1,-69.472,2.882,"sea ice",1,50,70
2001,1,-69.618,2.886,"sea ice",1,50,70
2001,1,-69.711,2.886,"sea ice",1,50,70
2001,1,-69.775,2.88,"sea ice",1,80,90
2001,1,-69.89,3.154,"sea ice",1,80,90
2001,1,-70.015,3.509,"sea ice",2,80,90
2001,1,-70.03,3.546,"sea ice",2,80,90
2001,1,-70.051,3.596,"sea ice",1,80,90
2001,1,-70.054,3.605,"sea ice",4,80,90
2001,1,-70.06,3.618,"open water",0,0,0
2001,1,-70.085,3.68,"ice shelf",0,0,0
1999,1,-71.733,-12.195,"ice shelf",0,0,0
1999,1,-71.431,-12.669,"open water",0,0,0
1999,1,-71.132,-13.125,"sea ice",1,10,30
1999,1,-71.048,-13.255,"open water",0,0,0
1999,1,-71.197,-13.273,"sea ice",0,0,10
1999,1,-71.208,-13.259,"sea ice",1,10,30
1999,1,-71.242,-13.207,"sea ice",1,10,30
1999,1,-71.3,-13.119,"sea ice",1,10,30
1999,1,-71.44,-12.907,"open water",0,0,0
1999,1,-71.757,-12.402,"ice shelf",0,0,0
1999,1,-71.804,-12.588,"ice shelf",0,0,0
1999,1,-71.538,-12.997,"sea ice",0,10,20
1999,1,-71.438,-13.139,"sea ice",1,10,20
1999,1,-71.361,-13.263,"sea ice",1,10,20
1999,1,-71.356,-13.272,"sea ice",1,10,20
1999,1,-71.338,-13.3,"sea ice",1,10,20
1999,1,-71.222,-13.466,"sea ice",1,10,20
1999,1,-71.102,-13.641,"sea ice",1,10,20
1999,1,-71.08,-13.676,"open water",0,0,0
1999,1,-71.138,-13.845,"sea ice",0,0,10
1999,1,-71.219,-13.716,"sea ice",1,10,30
1999,1,-71.248,-13.674,"sea ice",1,10,30
1999,1,-71.32,-13.566,"sea ice",2,20,40
1999,1,-71.327,-13.556,"sea ice",1,20,40
1999,1,-71.389,-13.463,"sea ice",1,20,40
1999,1,-71.429,-13.397,"sea ice",1,20,40
1999,1,-71.468,-13.345,"sea ice",1,20,40
1999,1,-71.469,-13.343,"sea ice",1,20,40
1999,1,-71.54,-13.242,"sea ice",3,20,40
1999,1,-71.591,-13.16,"open water",0,0,0
1999,1,-71.829,-12.767,"ice shelf",0,0,0
1999,1,-71.881,-12.705,"fast ice",2,100,100
1999,1,-71.882,-12.703,"fast ice",31,100,100
1999,1,-71.882,-12.702,"fast ice",22,100,100
1999,1,-71.922,-12.893,"ice shelf",0,0,0
1999,1,-71.724,-13.194,"sea ice",0,10,20
1999,1,-71.71,-13.218,"sea ice",2,10,20
1999,1,-71.604,-13.379,"sea ice",1,10,20
1999,1,-71.562,-13.442,"sea ice",1,10,20
1999,1,-71.468,-13.586,"sea ice",4,10,20
1999,1,-71.384,-13.71,"sea ice",1,10,30
1999,1,-71.383,-13.711,"sea ice",1,10,30
1999,1,-71.369,-13.733,"sea ice",2,10,30
1999,1,-71.361,-13.744,"sea ice",1,10,30
1999,1,-71.256,-13.905,"sea ice",1,10,20
1999,1,-71.247,-13.918,"sea ice",1,10,20
1999,1,-71.093,-14.136,"open water",0,0,0
1999,1,-71.22,-14.2,"sea ice",0,0,10
1999,1,-71.29,-14.103,"sea ice",1,10,20
1999,1,-71.298,-14.092,"sea ice",1,10,20
1999,1,-71.328,-14.048,"sea ice",1,10,30
1999,1,-71.366,-13.993,"sea ice",1,10,30
1999,1,-71.371,-13.986,"sea ice",1,20,30
1999,1,-71.384,-13.965,"sea ice",5,20,30
1999,1,-71.387,-13.96,"sea ice",2,20,30
1999,1,-71.479,-13.813,"sea ice",1,10,30
1999,1,-71.518,-13.752,"sea ice",2,10,30
1999,1,-71.658,-13.537,"open water",0,0,0
1999,1,-72.011,-12.983,"ice shelf",0,0,0
1999,1,-71.963,-12.897,"ice shelf",0,0,0
1999,1,-71.707,-13.724,"sea ice",0,10,20
1999,1,-71.704,-13.728,"sea ice",1,10,20
1999,1,-71.678,-13.764,"sea ice",1,10,20
1999,1,-71.643,-13.812,"sea ice",1,10,30
1999,1,-71.59,-13.895,"sea ice",1,10,30
1999,1,-71.579,-13.913,"sea ice",1,20,30
1999,1,-71.528,-13.993,"sea ice",1,20,40
1999,1,-71.523,-14,"sea ice",1,20,40
1999,1,-71.501,-14.03,"sea ice",2,20,40
1999,1,-71.481,-14.06,"sea ice",1,20,40
1999,1,-71.455,-14.098,"sea ice",1,20,40
1999,1,-71.413,-14.162,"sea ice",1,20,30
1999,1,-71.399,-14.183,"sea ice",3,20,30
1999,1,-71.192,-14.488,"open water",0,0,0
1999,1,-71.125,-14.828,"sea ice",0,0,10
1999,1,-71.368,-14.473,"sea ice",1,10,20
1999,1,-71.372,-14.469,"sea ice",1,10,20
1999,1,-71.468,-14.335,"sea ice",1,40,60
1999,1,-71.471,-14.33,"sea ice",1,40,60
1999,1,-71.476,-14.323,"sea ice",1,40,60
1999,1,-71.601,-14.125,"sea ice",1,40,60
1999,1,-71.608,-14.114,"sea ice",1,20,30
1999,1,-71.611,-14.109,"sea ice",1,20,30
1999,1,-71.621,-14.092,"sea ice",1,20,40
1999,1,-71.627,-14.083,"sea ice",1,20,40
1999,1,-71.661,-14.028,"sea ice",1,20,40
1999,1,-71.702,-13.971,"sea ice",2,20,40
1999,1,-71.749,-13.897,"open water",0,0,0
1999,1,-71.993,-13.508,"ice shelf",0,0,0
1999,1,-71.958,-13.251,"fast ice",1,100,100
1999,1,-71.958,-13.248,"fast ice",41,100,100
1999,1,-71.957,-13.247,"fast ice",67,100,100
1999,1,-71.957,-13.245,"fast ice",2,100,100
1999,1,-71.954,-13.229,"fast ice",51,100,100
1999,1,-71.954,-13.228,"fast ice",21,100,100
1999,1,-71.954,-13.226,"fast ice",33,100,100
1999,1,-71.953,-13.225,"fast ice",4,100,100
1999,1,-71.953,-13.223,"fast ice",1,100,100
1999,1,-71.952,-13.22,"fast ice",4,100,100
1999,1,-71.872,-12.765,"fast ice",1,100,100
1999,1,-71.868,-12.744,"fast ice",67,100,100
1999,1,-71.868,-12.743,"fast ice",36,100,100
1999,1,-71.867,-12.741,"fast ice",2,100,100
1999,1,-71.867,-12.738,"fast ice",4,100,100
1999,1,-71.865,-12.726,"fast ice",101,100,100
1999,1,-71.864,-12.724,"fast ice",26,100,100
1999,1,-71.843,-12.601,"fast ice",17,100,100
1999,1,-71.842,-12.6,"fast ice",1,100,100
1999,1,-71.839,-12.579,"fast ice",11,100,100
1999,1,-71.838,-12.577,"fast ice",5,100,100
1999,1,-71.838,-12.576,"fast ice",1,100,100
1999,1,-71.838,-12.574,"fast ice",1,100,100
1999,1,-71.836,-12.565,"fast ice",1,100,100
1999,1,-71.836,-12.563,"fast ice",2,100,100
1999,1,-71.832,-12.541,"fast ice",9,100,100
1999,1,-72.028,-13.609,"ice shelf",0,0,0
1999,1,-71.739,-14.164,"sea ice",0,10,30
1999,1,-71.693,-14.233,"sea ice",5,10,30
1999,1,-71.662,-14.283,"sea ice",1,20,40
1999,1,-71.64,-14.317,"sea ice",5,20,40
1999,1,-71.589,-14.391,"sea ice",2,20,40
1999,1,-71.584,-14.4,"sea ice",1,20,40
1999,1,-71.574,-14.414,"sea ice",1,20,40
1999,1,-71.535,-14.476,"sea ice",1,20,40
1999,1,-71.532,-14.481,"sea ice",4,20,40
1999,1,-71.52,-14.501,"sea ice",2,20,30
1999,1,-71.221,-14.944,"sea ice",1,10,20
1999,1,-71.214,-14.954,"sea ice",1,10,20
1999,1,-71.2,-14.976,"sea ice",1,10,20
1999,1,-71.125,-15.084,"sea ice",0,0,10
1999,1,-71.214,-15.189,"sea ice",0,0,10
1999,1,-71.235,-15.16,"sea ice",1,10,20
1999,1,-71.263,-15.119,"sea ice",2,10,20
1999,1,-71.265,-15.116,"sea ice",2,10,20
1999,1,-71.358,-14.979,"sea ice",1,10,30
1999,1,-71.411,-14.894,"sea ice",1,10,30
1999,1,-71.424,-14.874,"sea ice",1,10,30
1999,1,-71.457,-14.828,"sea ice",1,20,40
1999,1,-71.462,-14.821,"sea ice",1,20,40
1999,1,-71.47,-14.81,"sea ice",1,20,40
1999,1,-71.487,-14.783,"sea ice",1,20,40
1999,1,-71.517,-14.743,"sea ice",2,20,40
1999,1,-71.572,-14.657,"sea ice",2,20,40
1999,1,-71.665,-14.513,"sea ice",1,20,40
1999,1,-71.71,-14.448,"sea ice",1,10,30
1999,1,-71.751,-14.376,"open water",0,0,0
1999,1,-72.006,-13.985,"ice shelf",0,0,0
1999,2,-71.756,-14.623,"sea ice",0,10,20
1999,2,-71.718,-14.685,"sea ice",3,10,20
1999,2,-71.682,-14.741,"sea ice",2,10,20
1999,2,-71.603,-14.854,"sea ice",1,10,20
1999,2,-71.601,-14.858,"sea ice",1,10,20
1999,2,-71.593,-14.87,"sea ice",1,10,30
1999,2,-71.556,-14.934,"sea ice",1,10,30
1999,2,-71.358,-15.209,"sea ice",1,10,20
1999,2,-71.296,-15.31,"sea ice",0,0,10
1999,2,-71.284,-15.583,"sea ice",0,0,10
1999,2,-71.683,-14.985,"sea ice",3,10,20
1999,2,-71.691,-14.973,"sea ice",1,10,20
1999,2,-71.722,-14.92,"sea ice",1,10,20
1999,2,-71.825,-14.759,"sea ice",0,0,0
1999,2,-72.173,-14.979,"fast ice",17,90,100
1999,2,-72.173,-14.979,"fast ice",24,90,100
1999,2,-72.172,-14.98,"fast ice",23,90,100
1999,2,-72.172,-14.981,"fast ice",24,90,100
1999,2,-72.171,-14.983,"fast ice",3,90,100
1999,2,-72.128,-15.054,"ice shelf",0,0,0
1999,2,-71.696,-15.71,"sea ice",0,10,20
1999,2,-71.694,-15.713,"sea ice",1,50,70
1999,2,-71.694,-15.713,"sea ice",3,50,70
1999,2,-71.693,-15.715,"sea ice",1,50,70
1999,2,-71.689,-15.721,"open water",0,0,0
1999,2,-71.333,-16.235,"open water",0,0,0
1999,2,-71.558,-12.157,"ice shelf",0,0,0
1999,2,-72.143,-15.062,"sea ice",0,0,10
1999,2,-72.143,-15.063,"fast ice",3,90,100
1999,2,-72.144,-15.065,"fast ice",18,90,100
1999,2,-72.144,-15.067,"fast ice",9,90,100
1999,2,-72.144,-15.068,"fast ice",47,90,100
1999,2,-72.144,-15.068,"fast ice",28,90,100
1999,2,-72.145,-15.072,"fast ice",29,90,100
1999,2,-72.151,-15.102,"sea ice",3,50,70
1999,2,-72.255,-15.616,"sea ice",1,50,70
1999,2,-72.22,-15.942,"ice shelf",0,0,0
1999,2,-72.124,-16.071,"sea ice",0,10,20
1999,2,-71.353,-17.192,"open water",0,0,0
1999,2,-71.626,-12.086,"ice shelf",0,0,0
1999,2,-71.861,-13.195,"sea ice",0,0,10
1999,2,-71.862,-13.196,"sea ice",0,0,10
1999,2,-71.879,-13.274,"sea ice",0,0,10
1999,2,-72.334,-19.401,"sea ice",0,0,10
1999,2,-72.551,-19.207,"sea ice",0,0,10
1999,2,-72.648,-19.144,"ice shelf",0,0,0
1999,2,-72.752,-17.963,"fast ice",34,90,100
1999,2,-72.752,-17.961,"fast ice",26,90,100
1999,2,-72.502,-16.584,"ice shelf",0,0,0
1999,2,-72.493,-16.869,"open water",0,0,0
1999,2,-72.494,-16.869,"ice shelf",0,0,0
1999,2,-72.142,-15.012,"fast ice",12,90,100
1999,2,-72.142,-15.014,"fast ice",11,90,100
1999,2,-72.142,-15.014,"fast ice",5,90,100
1999,2,-72.143,-15.018,"fast ice",17,90,100
1999,2,-72.143,-15.019,"fast ice",8,90,100
1999,2,-72.144,-15.023,"fast ice",6,90,100
1999,2,-72.144,-15.028,"fast ice",1,90,100
1999,2,-70.596,-19.621,"ice shelf",0,0,0
1999,2,-71.019,-12.608,"sea ice",0,10,20
1999,2,-71.019,-12.606,"sea ice",0,10,20
1999,2,-71.011,-12.51,"sea ice",1,10,30
1999,2,-70.972,-12.008,"sea ice",3,10,30
1999,2,-70.821,-10.162,"sea ice",1,10,40
1999,2,-70.816,-10.106,"sea ice",1,10,40
1999,2,-70.812,-10.053,"sea ice",0,10,20
1999,2,-70.812,-10.051,"open water",0,0,0
1999,2,-70.787,-9.78,"ice shelf",0,0,0
